date,holiday_name,type,region
2017-03-12,Holika Dahan,Festive,National
2017-03-13,Holi,Festive,National
2017-03-30,Sarhul,Tribal Festival,Jharkhand
2017-05-01,BCCL Maintenance,Industrial,Dhanbad
2017-09-02,Karma Puja,Local Festive,Dhanbad
2017-10-19,Diwali,Festive,National
2017-10-26,Chhath Puja,Festive,Jharkhand
2017-11-15,Jharkhand Foundation Day,State Holiday,Jharkhand
2017-12-25,Christmas,Festive,National
2021-03-28,Holika Dahan,Festive,National
2021-03-29,Holi,Festive,National
2021-04-15,Sarhul,Tribal Festival,Jharkhand
2021-09-17,Karma Puja,Local Festive,Dhanbad
2021-11-04,Diwali,Festive,National
2021-11-10,Chhath Puja,Festive,Jharkhand
2021-11-15,Jharkhand Foundation Day,State Holiday,Jharkhand
2022-03-17,Holika Dahan,Festive,National
2022-03-18,Holi,Festive,National
2022-04-04,Sarhul,Tribal Festival,Jharkhand
2022-09-06,Karma Puja,Local Festive,Dhanbad
2022-10-24,Diwali,Festive,National
2022-10-30,Chhath Puja,Festive,Jharkhand
2022-11-15,Jharkhand Foundation Day,State Holiday,Jharkhand
2023-03-07,Holika Dahan,Festive,National
2023-03-08,Holi,Festive,National
2023-03-24,Sarhul,Tribal Festival,Jharkhand
2023-09-25,Karma Puja,Local Festive,Dhanbad
2023-11-12,Diwali,Festive,National
2023-11-19,Chhath Puja,Festive,Jharkhand
2023-11-15,Jharkhand Foundation Day,State Holiday,Jharkhand
2024-03-24,Holika Dahan,Festive,National
2024-03-25,Holi,Festive,National
2024-04-11,Sarhul,Tribal Festival,Jharkhand
2024-09-14,Karma Puja,Local Festive,Dhanbad
2024-10-31,Diwali,Festive,National
2024-11-07,Chhath Puja,Festive,Jharkhand
2024-11-15,Jharkhand Foundation Day,State Holiday,Jharkhand
2025-03-14,Holika Dahan,Festive,National
2025-03-15,Holi,Festive,National
2025-04-01,Sarhul,Tribal Festival,Jharkhand
2025-09-03,Karma Puja,Local Festive,Dhanbad
2025-10-20,Diwali,Festive,National
2025-10-26,Chhath Puja,Festive,Jharkhand
2025-11-15,Jharkhand Foundation Day,State Holiday,Jharkhand
2026-03-03,Holika Dahan,Festive,National
2026-03-04,Holi,Festive,National
2026-03-21,Sarhul,Tribal Festival,Jharkhand
2026-09-22,Karma Puja,Local Festive,Dhanbad
2026-11-08,Diwali,Festive,National
2026-11-14,Chhath Puja,Festive,Jharkhand
2026-11-15,Jharkhand Foundation Day,State Holiday,Jharkhand
